Profit & Loss account of HDFC Bank (in Rs. Cr.),Mar 22,Mar 21,Mar 20,Mar 19,Mar 18,,Mar 17,Mar 16,Mar 15,Mar 14,Mar 13,
INCOME,,,,,,,,,,,,
Interest / Discount on Advances / Bills,"98,512.02","94,834.54","91,787.88","77,544.19","62,661.79",,"52,055.26","44,827.86","37,180.79","31,686.92","26,822.39",
Income from Investments,"26,046.13","23,214.27","20,633.32","19,997.46","16,222.37",,"15,944.34","14,120.03","10,705.61","9,036.85","7,820.26",
Interest on Balance with RBI and Other Inter-Bank funds,"2,552.37","2,341.25","1,828.93",635.70,523.88,,532.02,361.61,517.10,355.99,281.63,
Others,642.59,468.17,562.52,794.70,833.31,,774.34,911.95,66.41,55.78,140.59,
Total Interest Earned,"127,753.12","120,858.23","114,812.65","98,972.05","80,241.36",,"69,305.96","60,221.45","48,469.90","41,135.53","35,064.87",
Other Income,"29,509.90","25,204.89","23,260.82","17,625.88","15,220.30",,"12,296.50","10,751.72","8,996.35","7,919.64","6,852.62",
Total Income,"157,263.02","146,063.12","138,073.47","116,597.94","95,461.66",,"81,602.46","70,973.17","57,466.26","49,055.18","41,917.50",
EXPENDITURE,,,,,,,,,,,,
Interest Expended,"55,743.53","55,978.66","58,626.40","50,728.83","40,146.49",,"36,166.73","32,629.93","26,074.24","22,652.90","19,253.75",
Payments to and Provisions for Employees,"12,031.69","10,364.79","9,525.67","7,761.76","6,805.74",,"6,483.66","5,702.20","4,750.96","4,178.98","3,965.38",
Depreciation,"1,599.80","1,302.41","1,195.85","1,140.10",906.34,,833.12,705.84,656.30,671.61,651.67,
Operating Expenses (excludes Employee Cost & Depreciation),"23,810.70","21,055.42","19,976.01","17,217.51","14,978.30",,"12,386.55","10,571.66","8,580.29","7,191.61","6,619.07",
Total Operating Expenses,"37,442.19","32,722.63","30,697.53","26,119.37","22,690.38",,"19,703.34","16,979.70","13,987.54","12,042.20","11,236.12",
Provision Towards Income Tax,"13,346.03","11,644.77","9,833.15","12,129.61","10,107.25",,"7,916.97","6,507.59","5,204.03","4,269.41","3,275.76",
Provision Towards Deferred Tax,"-1,291.91","-1,102.31",516.69,"-1,008.12",-896.68,,-327.54,-165.88,-91.23,24.27,-251.42,
Other Provisions and Contingencies,"15,061.83","15,702.85","12,142.39","7,550.08","5,927.49",,"3,593.31",0.00,0.00,0.00,0.00,
Total Provisions and Contingencies,"27,115.95","26,245.31","22,492.23","18,671.57","15,138.06",,"11,182.74","9,067.32","7,188.56","5,881.70","4,701.34",
Total Expenditure,"120,301.66","114,946.59","111,816.15","95,519.77","77,974.93",,"67,052.82","58,676.96","47,250.34","40,576.80","35,191.21",
Net Profit / Loss for The Year,"36,961.36","31,116.53","26,257.32","21,078.17","17,486.73",,"14,549.64","12,296.21","10,215.92","8,478.38","6,726.28",
Net Profit / Loss After EI & Prior Year Items,"36,961.36","31,116.53","26,257.32","21,078.17","17,486.73",,"14,549.64","12,296.21","10,215.92","8,478.38","6,726.28",
Profit / Loss Brought Forward,"73,652.79","57,492.40","49,223.30","40,453.42","32,668.94",,"23,527.69","18,627.79","14,654.15","11,132.18","8,399.65",
Total Profit / Loss available for Appropriations,"110,614.15","88,608.93","75,480.62","61,531.58","50,155.67",,"38,077.33","30,924.01","24,870.07","19,610.56","15,125.93",
APPROPRIATIONS,,,,,,,,,,,,
Transfer To / From Statutory Reserve,"9,240.34","7,779.13","6,564.33","5,269.54","4,371.68",,"3,637.41","3,074.05","2,553.98","2,119.59","1,681.57",
Transfer To / From Capital Reserve,666.47,"2,291.68","1,123.85",105.34,235.52,,313.41,222.15,224.92,58.27,85.85,
Transfer To / From Revenue And Other Reserves,0.00,0.00,0.00,0.00,0.00,,0.00,0.00,0.00,0.00,0.00,
Dividend and Dividend Tax for The Previous Year,"3,592.40",0.00,0.00,0.00,"3,390.58",,-1.69,-11.71,0.84,4.85,4.47,
Equity Share Dividend,0.00,0.00,"6,540.31","4,052.59",0.00,,0.00,"2,401.78","2,005.20","1,643.35","1,309.08",
Tax On Dividend,0.00,0.00,0.00,0.00,0.00,,0.00,488.95,408.21,279.29,222.48,
Balance Carried Over To Balance Sheet,"93,185.67","73,652.79","57,492.40","49,223.30","40,453.42",,"32,668.94","23,527.69","18,627.79","14,654.15","11,132.18",
Total Appropriations,"110,614.15","88,608.93","75,480.62","61,531.58","50,155.67",,"38,077.33","30,924.01","24,870.07","19,610.56","15,125.93",
OTHER INFORMATION,,,,,,,,,,,,
EARNINGS PER SHARE,,,,,,,,,,,,
Basic EPS (Rs.),66.80,56.58,48.01,78.65,67.76,,57.18,48.84,42.15,35.47,28.49,
Diluted EPS (Rs.),66.35,56.32,47.66,77.87,66.84,,56.43,48.26,41.67,35.21,28.18,
DIVIDEND PERCENTAGE,,,,,,,,,,,,
Equity Dividend Rate (%),"1,550.00",650.00,250.00,750.00,650.00,,550.00,475.00,400.00,343.00,275.00,
Balance Sheet of HDFC Bank (in Rs. Cr.),Mar 22,Mar 21,Mar 20,Mar 19,Mar 18,,Mar 17,Mar 16,Mar 15,Mar 14,Mar 13,
EQUITIES AND LIABILITIES,,,,,,,,,,,,
SHAREHOLDER'S FUNDS,,,,,,,,,,,,
Equity Share Capital,554.55,551.26,548.33,544.66,519.02,,512.51,505.64,501.30,479.81,475.88,
Total Share Capital,554.55,551.28,548.33,544.66,519.02,,512.51,505.64,501.30,479.81,475.88,
Revaluation Reserve,0.00,0.00,0.00,0.00,0.00,,0.00,0.00,0.00,0.00,0.00,
Reserves and Surplus,"239,538.38","203,169.55","170,437.70","148,661.69","105,775.98",,"88,949.84","72,172.13","61,508.12","42,998.82","35,738.26",
Total Reserves and Surplus,"239,538.38","203,169.55","170,437.70","148,661.69","105,775.98",,"88,949.84","72,172.13","61,508.12","42,998.82","35,738.26",
Total ShareHolders Funds,"240,092.94","203,720.83","170,986.03","149,206.35","106,295.00",,"89,462.35","72,677.76","62,009.42","43,478.63","36,214.15",
Deposits,"1,559,217.44","1,335,060.22","1,147,502.29","923,140.93","788,770.64",,"643,639.66","546,424.19","450,795.64","367,337.48","296,246.98",
Borrowings,"184,817.21","135,487.32","144,628.54","117,085.12","123,104.97",,"74,028.87","53,018.47","45,213.56","39,438.99","33,006.60",
Other Liabilities and Provisions,"84,407.46","72,602.15","67,394.40","55,108.29","45,763.72",,"56,709.32","36,725.13","32,484.46","41,344.40","34,864.17",
Total Capital and Liabilities,"2,068,535.05","1,746,870.52","1,530,511.26","1,244,540.69","1,063,934.32",,"863,840.19","708,845.57","590,503.07","491,599.50","400,331.90",
ASSETS,,,,,,,,,,,,
Cash and Balances with Reserve Bank of India,"129,995.64","97,340.74","72,205.12","46,763.62","104,670.47",,"37,896.88","30,058.31","27,510.45","25,345.63","14,627.40",
Balances with Banks Money at Call and Short Notice,"22,331.29","22,129.66","14,413.60","34,584.02","18,244.61",,"11,055.22","8,860.53","8,821.00","14,238.01","12,652.77",
Investments,"455,535.69","443,728.29","391,826.66","290,587.88","242,200.24",,"214,463.34","163,885.77","166,459.95","120,951.07","111,613.60",
Advances,"1,368,820.93","1,132,836.63","993,702.88","819,401.22","658,333.09",,"554,568.20","464,593.96","365,495.03","303,000.27","239,720.64",
Fixed Assets,"6,083.67","4,909.32","4,431.92","4,030.00","3,607.20",,"3,626.74","3,343.16","3,121.73","2,939.92","2,703.08",
Other Assets,"85,767.83","45,925.89","53,931.09","49,173.95","36,878.70",,"42,229.82","38,103.84","19,094.91","25,124.60","19,014.41",
Total Assets,"2,068,535.05","1,746,870.52","1,530,511.26","1,244,540.69","1,063,934.32",,"863,840.19","708,845.57","590,503.07","491,599.50","400,331.90",
OTHER ADDITIONAL INFORMATION,,,,,,,,,,,,
Number of Branches,"6,342.00","5,608.00","5,416.00","5,103.00","4,787.00",,"4,715.00","4,520.00","4,014.00","3,403.00","3,062.00",
Number of Employees,"141,579.00","120,093.00","116,971.00","98,061.00","88,253.00",,"84,325.00","87,555.00","76,286.00","68,165.00","69,065.00",
Capital Adequacy Ratios (%),18.90,18.79,18.52,17.11,14.82,,14.55,15.53,16.79,16.07,16.80,
KEY PERFORMANCE INDICATORS,,,,,,,,,,,,
Tier 1 (%),17.87,17.56,17.23,15.78,13.25,,12.79,13.22,13.66,11.77,11.08,
Tier 2 (%),1.03,1.23,1.29,1.33,1.57,,1.76,2.31,3.13,4.30,5.72,
ASSETS QUALITY,,,,,,,,,,,,
Gross NPA,"16,140.96","15,086.00","12,649.97","11,224.16","8,606.97",,"5,885.66","4,392.83","3,438.38","2,989.28","2,334.64",
Gross NPA (%),1.00,1.00,1.00,1.00,1.00,,1.00,1.00,1.00,1.00,1.00,
Net NPA,"4,407.68","4,554.82","3,542.36","3,214.52","2,601.02",,"1,843.99","1,320.37",896.28,820.03,468.95,
Net NPA (%),0.32,0.40,0.36,0.39,0.40,,0.33,0.28,0.25,0.27,0.20,
Net NPA To Advances (%),0.00,0.00,0.00,0.00,0.00,,0.00,0.00,0.00,0.00,0.00,
"CONTINGENT LIABILITIES, COMMITMENTS",,,,,,,,,,,,
Bills for Collection,"56,968.05","44,748.14","51,584.90","49,952.80","42,753.83",,"30,848.04","55,242.58","22,304.93","20,943.06","26,103.96",
Contingent Liabilities,"1,395,442.30","971,097.60","1,128,953.40","1,024,715.12","875,488.23",,"817,869.59","876,808.11","997,538.88","744,097.98","746,226.39",
Yearly Results of HDFC Bank (in Rs. Cr.),Mar '22,Mar '21,Mar '20,Mar '19,Mar '18,,Mar '17,Mar '16,Mar '15,Mar '14,Mar '13,
Interest Earned,,,,,,,,,,,,
(a) Int. /Disc. on Adv/Bills,"98,512.02","94,834.54","91,787.88","77,544.19","62,661.79",,"52,055.26","44,827.86","37,180.79","31,686.92","26,822.39",
(b) Income on Investment,"26,046.13","23,214.27","20,633.32","19,997.46","16,222.37",,"15,944.34","14,120.03","10,705.61","9,036.85","7,820.26",
(c) Int. on balances With RBI,"2,552.37","2,341.25","1,828.93",635.70,523.88,,532.02,361.61,517.10,355.99,281.63,
(d) Others,642.59,468.17,562.52,794.70,833.31,,774.34,911.95,66.41,55.78,140.59,
Other Income,"29,509.90","25,204.89","23,260.82","17,625.88","15,220.30",,"12,296.49","10,751.72","8,996.34","7,919.64","6,852.62",
EXPENDITURE,,,,,,,,,,,,
Interest Expended,"55,743.53","55,978.66","58,626.40","50,728.83","40,146.49",,"36,166.74","32,629.93","26,074.23","22,652.90","19,253.75",
Employees Cost,"12,031.69","10,364.79","9,525.67","7,761.76","6,805.74",,"6,483.66","5,702.20","4,750.96","4,178.98","3,965.38",
Other Expenses,"25,410.50","22,357.83","21,171.85","18,357.61","15,884.62",,"13,219.66","11,277.49","9,236.59","7,863.21","7,270.74",
Depreciation,"1,599.80","1,302.41","1,195.85","1,140.10",906.34,,--,--,--,--,--,
Provisions And Contingencies,"15,061.83","15,702.85","12,142.39","7,550.08","5,927.49",,"3,593.30","2,725.61","2,075.75","1,588.02","1,677.00",
Exceptional Items,--,--,--,--,--,,--,--,--,--,--,
P/L Before Tax,"49,015.45","41,658.99","36,607.16","32,199.64","26,697.32",,"22,139.09","18,637.94","15,328.72","12,772.07","9,750.62",
Tax,"12,054.12","10,542.46","10,349.84","11,121.50","9,210.57",,"7,589.43","6,341.71","5,112.80","4,293.67","3,024.34",
P/L After Tax from Ordinary Activities,"36,961.33","31,116.53","26,257.32","21,078.14","17,486.75",,"14,549.66","12,296.23","10,215.92","8,478.40","6,726.28",
Prior Year Adjustments,--,--,--,--,--,,--,--,--,--,--,
Extra Ordinary Items,--,--,--,--,--,,--,--,--,--,--,
Net Profit/(Loss) For the Period,"36,961.33","31,116.53","26,257.32","21,078.14","17,486.75",,"14,549.66","12,296.23","10,215.92","8,478.40","6,726.28",
Equity Share Capital,554.55,551.26,548.33,544.66,519.02,,512.51,505.64,501.30,479.81,475.88,
Reserves Excluding Revaluation Reserves,"239,538.38","203,169.55","170,437.70","148,661.69","105,775.98",,"88,949.84","72,172.13","61,508.13","42,998.82","35,738.26",
Equity Dividend Rate (%),"1,550.00",650.00,250.00,750.00,650.00,,550.00,475.00,400.00,342.50,275.00,
ANALYTICAL RATIOS,,,,,,,,,,,,
a) % of Share by Govt.,--,--,--,--,--,,--,--,--,--,--,
b) Capital Adequacy Ratio - Basel -I,--,--,--,--,--,,--,--,--,--,--,
c) Capital Adequacy Ratio - Basel -II,--,--,--,--,--,,--,--,--,--,16.80,
EPS Before Extra Ordinary,,,,,,,,,,,,
Basic EPS,66.80,56.60,48.00,78.60,67.80,,57.20,48.80,42.10,35.50,28.50,
Diluted EPS,66.30,56.30,47.70,77.90,66.80,,56.40,48.30,41.70,35.20,28.20,
EPS After Extra Ordinary,,,,,,,,,,,,
Basic EPS.,66.80,56.60,48.00,78.60,67.80,,57.20,48.80,42.10,35.50,28.50,
Diluted EPS.,66.30,56.30,47.70,77.90,66.80,,56.40,48.30,41.70,35.20,28.20,
NPA Ratios :,,,,,,,,,,,,
i) Gross NPA,"16,140.96","15,086.00","12,649.97","11,224.16","8,606.97",,"5,885.66","4,392.83","3,438.38","2,989.28","2,334.64",
ii) Net NPA,"4,407.68","4,554.82","3,542.36","3,214.52","2,601.02",,"1,843.99","1,320.37",896.28,820.03,468.95,
i) % of Gross NPA,1.17,1.32,1.26,1.36,1.30,,1.05,0.94,0.90,1.00,0.97,
ii) % of Net NPA,0.32,0.40,0.36,0.39,0.40,,0.33,0.28,0.20,0.30,0.20,
Return on Assets %,2.03,1.97,2.01,1.90,1.93,,1.88,1.92,2.00,2.00,1.90,
Public Share Holding,,,,,,,,,,,,
No Of Shares (Crores),--,--,--,--,--,,--,--,149.03,144.88,142.98,
Share Holding (%),--,--,--,--,--,,--,--,59.40,60.40,60.10,
Promoters and Promoter Group Shareholding,,,,,,,,,,,,
a) Pledged/Encumbered,,,,,,,,,,,,
- Number of shares (Crores),--,--,--,--,--,,--,--,--,--,--,
- Per. of shares (as a % of the total sh. of prom. and promoter group),--,--,--,--,--,,--,--,--,--,--,
- Per. of shares (as a % of the total Share Cap. of the company),--,--,--,--,--,,--,--,--,--,--,
b) Non-encumbered,,,,,,,,,,,,
- Number of shares (Crores).,--,--,--,--,--,,--,--,54.32,54.32,54.32,
- Per. of shares (as a % of the total sh. of prom. and promoter group).,--,--,--,--,--,,--,--,100.00,100.00,100.00,
- Per. of shares (as a % of the total Share Cap. of the company).,--,--,--,--,--,,--,--,21.70,22.60,22.80,
Key Financial Ratios of HDFC Bank (in Rs. Cr.),Mar 22,Mar 21,Mar 20,Mar 19,Mar 18,,Mar 17,Mar 16,Mar 15,Mar 14,Mar 13,
Per Share Ratios,,,,,,,,,,,,
Basic EPS (Rs.),66.80,56.58,48.01,78.65,67.76,,57.18,48.84,42.15,35.47,28.49,
Diluted EPS (Rs.),66.35,56.32,47.66,77.87,66.84,,56.43,48.26,41.67,35.21,28.18,
Cash EPS (Rs.),69.54,58.81,50.07,81.59,70.88,,60.03,51.43,43.38,38.14,31.01,
Book Value [Excl. Reval Reserve]/Share (Rs.),432.95,369.54,311.83,547.89,409.60,,349.12,287.47,247.39,181.23,152.20,
Book Value [Incl. Reval Reserve]/Share (Rs.),432.95,369.54,311.83,547.89,409.60,,349.12,287.47,247.39,181.23,152.20,
Dividend/Share (Rs.),15.50,6.50,2.50,15.00,13.00,,11.00,9.50,8.00,6.85,5.50,
Operating Revenue / Share (Rs.),230.37,219.23,209.39,363.43,309.20,,270.46,238.20,193.38,171.47,147.37,
Net Profit/Share (Rs.),66.65,56.44,47.89,77.40,67.38,,56.78,48.64,40.76,35.34,28.27,
Per Employee Ratios,,,,,,,,,,,,
Interest Income/ Employee (Rs.),"9,023,451.15","10,063,719.49","9,815,479.98","10,092,906.51","9,092,195.73",,"8,218,909.91","6,878,127.47","6,353,708.99","6,034,700.15","5,077,082.98",
Net Profit/ Employee (Rs.),"2,610,652.37","2,591,035.71","2,244,771.35","2,149,495.24","1,981,431.60",,"1,725,424.39","1,404,398.73","1,339,160.38","1,243,801.97","973,906.44",
Business/ Employee (Rs.),"206,813,042.29","205,498,809.40","183,054,361.58","177,699,813.90","163,972,185.69",,"142,094,024.12","115,472,348.91","107,003,994.66","98,340,460.49","77,603,363.18",
Per Branch Ratios,,,,,,,,,,,,
Interest Income/ Branch (Rs.),"201,439,796.75","215,510,389.62","211,987,907.87","193,948,756.61","167,623,469.81",,"146,990,366.49","133,233,285.62","120,752,128.55","120,880,204.53","114,516,242.98",
Net Profit/ Branches (Rs.),"58,280,282.56","55,485,957.92","48,481,009.97","41,305,438.57","36,529,618.34",,"30,858,199.79","27,204,011.28","25,450,719.73","24,914,416.99","21,966,965.38",
Business/ Branches (Rs.),"4,616,900,617.16","4,400,671,989.48","3,953,480,747.42","3,414,740,633.16","3,022,986,693.96",,"2,541,267,992.36","2,236,765,820.58","2,033,609,052.57","1,969,843,517.19","1,750,384,153.49",
Key Performance Ratios,,,,,,,,,,,,
ROCE (%),3.22,3.42,3.33,3.34,3.20,,3.18,3.17,3.11,3.18,3.12,
CASA (%),48.16,46.11,42.23,42.37,43.49,,48.03,43.24,44.03,44.81,47.43,
Net Profit Margin (%),28.93,25.74,22.86,21.29,21.79,,20.99,20.41,21.07,20.61,19.18,
Operating Profit Margin (%),5.83,4.89,2.60,3.48,2.82,,3.25,2.56,2.51,1.35,-0.36,
Return on Assets (%),1.78,1.78,1.71,1.69,1.64,,1.68,1.73,1.73,1.72,1.68,
Return on Equity / Networth (%),15.39,15.27,15.35,14.12,16.45,,16.26,16.91,16.47,19.50,18.57,
Net Interest Margin (X),3.48,3.71,3.67,3.87,3.76,,3.83,3.89,3.79,3.75,3.94,
Cost to Income (%),41.05,40.37,38.52,38.41,39.62,,37.84,36.69,36.84,36.53,38.02,
Interest Income/Total Assets (%),6.17,6.91,7.50,7.95,7.54,,8.02,8.49,8.20,8.36,8.75,
Non-Interest Income/Total Assets (%),1.42,1.44,1.51,1.41,1.43,,1.42,1.51,1.52,1.61,1.71,
Operating Profit/Total Assets (%),0.36,0.33,0.19,0.27,0.21,,0.26,0.21,0.20,0.11,-0.03,
Operating Expenses/Total Assets (%),1.81,1.87,2.00,2.09,2.13,,2.28,2.39,2.36,2.44,2.80,
Interest Expenses/Total Assets (%),2.69,3.20,3.83,4.07,3.77,,4.18,4.60,4.41,4.60,4.80,
Valuation Ratios,,,,,,,,,,,,
Enterprise Value (Rs. Cr),"2,429,205.81","2,196,567.47","1,692,584.96","1,624,316.38","1,298,053.53",,"1,049,367.58","840,203.70","724,875.64","561,083.74","463,125.72",
EV Per Net Sales (X),19.01,18.17,14.74,16.41,16.18,,15.14,13.95,14.96,13.64,13.21,
Price To Book Value (X),3.40,4.04,2.76,4.23,4.62,,4.13,3.73,4.13,4.13,4.10,
Price To Sales (X),6.38,6.81,4.12,6.37,6.12,,5.33,4.50,5.29,4.37,4.23,
Retention Ratios (%),100.00,100.00,75.09,80.77,100.00,,100.00,80.46,80.37,80.61,80.53,
Earnings Yield (X),0.05,0.04,0.06,0.03,0.04,,0.04,0.05,0.04,0.05,0.05,
